{
    "ChessGames": {
        "MagnusCarlsen": {
          "FirstGame": {
            "Players": "Magnus Carlsen VS Hikaru Nakamura",
            "Photos": [
              "../content/images/PlayersPhoto/MagnusCarlsenPhoto.jpg",
              "../content/images/PlayersPhoto/HikaruNakamuraPhoto.jpg"
            ],
            "Game": "Live Chess.com",
            "GameID": "Speed Chess Championship 2017",
            "GameStartTime": "3 Jan 2018",
            "Link": "?value=MagnusCarlsen&index=FirstGame"
          },
          "SecondGame": {
            "Players": "Magnus Carlsen vs Viswanathan Anand",
            "Photos": [
              "../content/images/PlayersPhoto/MagnusCarlsenPhoto.jpg",
              "../content/images/PlayersPhoto/ViswanathanAnand.jpg"
            ],
            "Game": "Chessgames.com",
            "GameID": "De Leon XVIII (2005) (rapid), Leon ESP, rd 1",
            "GameStartTime": "11 Jun 2005",
            "Link": "?value=MagnusCarlsen&index=SecondGame"
          }
        },
        "HikaruNakamura": {
          "FirstGame": {
            "Players": "Hikaru Nakamura VS Magnus Carlsen ",
            "Photos": [
              "../content/images/PlayersPhoto/HikaruNakamuraPhoto.jpg",
              "../content/images/PlayersPhoto/MagnusCarlsenPhoto.jpg"
            ],
            "Game": "Live Chess.com",
            "GameID": "Speed Chess Championship 2017",
            "GameStartTime": "3 Jan 2018",
            "Link": "?value=HikaruNakamura&index=FirstGame"
          },
          "SecondGame": {
            "Players": "Hikaru Nakamura VS Eric Hansen",
            "Photos": [
              "../content/images/PlayersPhoto/HikaruNakamuraPhoto.jpg",
              "../content/images/PlayersPhoto/EricHansen.jpg"
            ],
            "Game": "Live Chess.com",
            "GameID": "Pro Chess League (2018) (rapid), chess.com INT, rd 4",
            "GameStartTime": "3 Feb 2018",
            "Link": "?value=HikaruNakamura&index=SecondGame"
          }
        },
        "NinoBatsiashvili": {
          "FirstGame": {
            "Players": "Nino Batsiashvili VS Magnus Carlsen",
            "Photos": [
              "../content/images/PlayersPhoto/NinoBatsiashvili.jpg",
              "../content/images/PlayersPhoto/MagnusCarlsenPhoto.jpg"
            ],
            "Game": "Chessgames.com",
            "GameID": "Qatar Masters (2015), Doha QAT",
            "GameStartTime": "20 Dec 2015",
            "Link": "?value=NinoBatsiashvili&index=FirstGame"
          },
          "SecondGame": {
            "Players": "Nino Batsiashvili VS Lara Schulze",
            "Photos": [
              "../content/images/PlayersPhoto/NinoBatsiashvili.jpg",
              "../content/images/PlayersPhoto/LaraSchulze.jpg"
            ],
            "Game": "Chessgames.com",
            "GameID": "FIDE Online Olympiad (2020) (rapid), Chess.com, rd 4",
            "GameStartTime": "22 Aug 2020",
            "Link": "?value=NinoBatsiashvili&index=SecondGame"
          }
        },
        "EricHansen": {
          "FirstGame": {
            "Players": "Eric Hansen VS Hikaru Nakamura",
            "Photos": [
              "../content/images/PlayersPhoto/EricHansen.jpg",
              "../content/images/PlayersPhoto/HikaruNakamuraPhoto.jpg"
            ],
            "Game": "Live Chess.com",
            "GameID": "Pro Chess League (2018) (rapid), chess.com INT, rd 4",
            "GameStartTime": "3 Feb 2018",
            "Link": "?value=EricHansen&index=FirstGame"
          },
          "SecondGame": {
            "Players": "Eric Hansen VS Alexader Shabalov",
            "Photos": [
              "../content/images/PlayersPhoto/EricHansen.jpg",
              "../content/images/PlayersPhoto/AlexanderShabalov.jpg"
            ],
            "Game": "Chess.com",
            "GameID": "PRO League Group Stage: Round 7",
            "GameStartTime": "21 Feb 2019",
            "Link": "?value=EricHansen&index=SecondGame"
          }
        }
    }
}