{  
    "ChessMatches": {
        "MagnusCarlsen": {
            
            "FirstGame": [
                "Magnus Carlsen VS Hikaru Nakamura",
                "../content/images/PlayersPhoto/MagnusCarlsenPhoto.jpg",
                "../content/images/PlayersPhoto/HikaruNakamuraPhoto.jpg",
                {"Piece": "White Knight", "From": "71", "To": "63"}, 
                {"Piece": "Black Pawn", "From": "47", "To": "45"}, 
                {"Piece": "White Pawn", "From": "72", "To": "73"}, 
                {"Piece": "Black Pawn", "From": "77", "To": "76"}, 
                {"Piece": "White Bishop", "From": "61", "To": "72"}, 
                {"Piece": "Black Bishop", "From": "68", "To": "77"}, 
                {"Piece": "White King", "From": "51", "To": "71"}, 
                {"Piece": "White Rook", "From": "81", "To": "61"}, 
                {"Piece": "Black Pawn", "From": "57", "To": "55"}, 
                {"Piece": "White Pawn", "From": "42", "To": "43"}, 
                {"Piece": "Black Knight", "From": "78", "To": "57"}, 
                {"Piece": "White Pawn", "From": "52", "To": "54"}, 
                {"Piece": "Black King", "From": "58", "To": "78"}, 
                {"Piece": "Black Rook", "From": "88", "To": "68"}, 
                {"Piece": "White Pawn", "From": "54", "To": "45"}, 
                {"Piece": "Black Knight", "From": "57", "To": "45"},
                {"Piece": "White Rook", "From": "61", "To": "51"}, 
                {"Piece": "Black Knight", "From": "28", "To": "36"}, 
                {"Piece": "White Knight", "From": "21", "To": "33"}, 
                {"Piece": "Black Knight", "From": "45", "To": "57"},
                {"Piece": "White Rook", "From": "11", "To": "21"}, 
                {"Piece": "Black Pawn", "From": "17", "To": "15"}, 
                {"Piece": "White Pawn", "From": "12", "To": "13"}, 
                {"Piece": "Black Rook", "From": "68", "To": "58"}, 
                {"Piece": "White Pawn", "From": "22", "To": "24"}
            ],

            "SecondGame": [
                "Magnus Carlsen vs Viswanathan Anand",
                "../content/images/PlayersPhoto/MagnusCarlsenPhoto.jpg",
                "../content/images/PlayersPhoto/ViswanathanAnand.jpg",
                {"Piece": "White Pawn", "From": "52", "To": "54"},
                {"Piece": "Black Pawn", "From": "37", "To": "35"},
                {"Piece": "White Knight", "From": "71", "To": "63"},
                {"Piece": "Black Knight", "From": "28", "To": "36"},
                {"Piece": "White Pawn", "From": "42", "To": "44"},
                {"Piece": "Black Pawn", "From": "35", "To": "44"},
                {"Piece": "White Knight", "From": "63", "To": "44"},
                {"Piece": "Black Pawn", "From": "57", "To": "56"},
                {"Piece": "White Knight", "From": "21", "To": "33"},
                {"Piece": "Black Pawn", "From": "17", "To": "16"},
                {"Piece": "White Bishop", "From": "31", "To": "53"},
                {"Piece": "Black Knight", "From": "78", "To": "66"},
                {"Piece": "White Queen", "From": "41", "To": "42"},
                {"Piece": "Black Bishop", "From": "68", "To": "24"},
                {"Piece": "White Pawn", "From": "62", "To": "63"},
                {"Piece": "Black Pawn", "From": "47", "To": "45"},
                {"Piece": "White Pawn", "From": "12", "To": "13"},
                {"Piece": "Black Queen", "From": "48", "To": "15"},
                {"Piece": "White Knight", "From": "44", "To": "23"},
                {"Piece": "Black Bishop", "From": "24", "To": "33"},
                {"Piece": "White Pawn", "From": "22", "To": "33"},
                {"Piece": "Black Queen", "From": "15", "To": "37"},
                {"Piece": "White Bishop", "From": "53", "To": "64"},
                {"Piece": "Black Pawn", "From": "56", "To": "55"},
                {"Piece": "White Pawn", "From": "54", "To": "45"},
                {"Piece": "Black Pawn", "From": "55", "To": "64"},
                {"Piece": "White Pawn", "From": "45", "To": "36"}
            ]
        },

        "HikaruNakamura": {

            "FirstGame": [
                "Hikaru Nakamura VS Magnus Carlsen",
                "../content/images/PlayersPhoto/HikaruNakamuraPhoto.jpg",
                "../content/images/PlayersPhoto/MagnusCarlsenPhoto.jpg",
                {"Piece": "White Knight", "From": "71", "To": "63"}, 
                {"Piece": "Black Pawn", "From": "47", "To": "45"}, 
                {"Piece": "White Pawn", "From": "72", "To": "73"}, 
                {"Piece": "Black Pawn", "From": "77", "To": "76"}, 
                {"Piece": "White Bishop", "From": "61", "To": "72"}, 
                {"Piece": "Black Bishop", "From": "68", "To": "77"}, 
                {"Piece": "White King", "From": "51", "To": "71"}, 
                {"Piece": "White Rook", "From": "81", "To": "61"}, 
                {"Piece": "Black Pawn", "From": "57", "To": "55"}, 
                {"Piece": "White Pawn", "From": "42", "To": "43"}, 
                {"Piece": "Black Knight", "From": "78", "To": "57"}, 
                {"Piece": "White Pawn", "From": "52", "To": "54"}, 
                {"Piece": "Black King", "From": "58", "To": "78"}, 
                {"Piece": "Black Rook", "From": "88", "To": "68"}, 
                {"Piece": "White Pawn", "From": "54", "To": "45"}, 
                {"Piece": "Black Knight", "From": "57", "To": "45"},
                {"Piece": "White Rook", "From": "61", "To": "51"}, 
                {"Piece": "Black Knight", "From": "28", "To": "36"}, 
                {"Piece": "White Knight", "From": "21", "To": "33"}, 
                {"Piece": "Black Knight", "From": "45", "To": "57"},
                {"Piece": "White Rook", "From": "11", "To": "21"}, 
                {"Piece": "Black Pawn", "From": "17", "To": "15"}, 
                {"Piece": "White Pawn", "From": "12", "To": "13"}, 
                {"Piece": "Black Rook", "From": "68", "To": "58"}, 
                {"Piece": "White Pawn", "From": "22", "To": "24"}
            ],

            "SecondGame": [
                "Hikaru Nakamura VS Eric Hansen",
                "../content/images/PlayersPhoto/HikaruNakamuraPhoto.jpg",
                "../content/images/PlayersPhoto/EricHansen.jpg",
                {"Piece": "White Knight", "From": "71", "To": "63"},
                {"Piece": "Black Pawn", "From": "77", "To": "76"},
                {"Piece": "White Pawn", "From": "52", "To": "54"},
                {"Piece": "Black Pawn", "From": "47", "To": "46"},
                {"Piece": "White Pawn", "From": "42", "To": "44"},
                {"Piece": "Black Knight", "From": "78", "To": "66"},
                {"Piece": "White Bishop", "From": "61", "To": "43"},
                {"Piece": "Black Bishop", "From": "68", "To": "77"},
                {"Piece": "White King", "From": "51", "To": "71"},
                {"Piece": "White Rook", "From": "81", "To": "61"},
                {"Piece": "Black King", "From": "58", "To": "78"},
                {"Piece": "Black Rook", "From": "88", "To": "68"},
                {"Piece": "White Rook", "From": "61", "To": "51"},
                {"Piece": "Black Knight", "From": "28", "To": "36"},
                {"Piece": "White Pawn", "From": "44", "To": "45"},
                {"Piece": "Black Knight", "From": "36", "To": "28"},
                {"Piece": "White Pawn", "From": "32", "To": "34"},
                {"Piece": "Black Pawn", "From": "57", "To": "55"},
                {"Piece": "White Pawn", "From": "34", "To": "35"},
                {"Piece": "Black Pawn", "From": "46", "To": "35"},
                {"Piece": "White Knight", "From": "63", "To": "55"},
                {"Piece": "Black Rook", "From": "68", "To": "58"},
                {"Piece": "White Knight", "From": "55", "To": "63"},
                {"Piece": "Black Pawn", "From": "35", "To": "34"},
                {"Piece": "White Bishop", "From": "43", "To": "32"}
            ]
        },

        "NinoBatsiashvili": {

            "FirstGame": [
                "Nino Batsiashvili VS Magnus Carlsen",
                "../content/images/PlayersPhoto/NinoBatsiashvili.jpg",
                "../content/images/PlayersPhoto/MagnusCarlsenPhoto.jpg",
                {"Piece": "White Knight", "From": "71", "To": "63"},
                {"Piece": "Black Pawn", "From": "47", "To": "45"},
                {"Piece": "White Pawn", "From": "72", "To": "73"},
                {"Piece": "Black Knight", "From": "78", "To": "66"},
                {"Piece": "White Bishop", "From": "61", "To": "72"},
                {"Piece": "Black Pawn", "From": "37", "To": "35"},
                {"Piece": "White Pawn", "From": "32", "To": "34"},
                {"Piece": "Black Pawn", "From": "45", "To": "44"},
                {"Piece": "White Pawn", "From": "22", "To": "24"},
                {"Piece": "Black Pawn", "From": "35", "To": "24"},
                {"Piece": "White Pawn", "From": "12", "To": "13"},
                {"Piece": "Black Pawn", "From": "24", "To": "23"},
                {"Piece": "White Queen", "From": "41", "To": "23"},
                {"Piece": "Black Knight", "From": "28", "To": "36"},
                {"Piece": "White King", "From": "51", "To": "71"},
                {"Piece": "White Rook", "From": "81", "To": "61"},
                {"Piece": "Black Pawn", "From": "57", "To": "55"},
                {"Piece": "White Pawn", "From": "52", "To": "53"},
                {"Piece": "Black Bishop", "From": "68", "To": "57"},
                {"Piece": "White Pawn", "From": "53", "To": "44"},
                {"Piece": "Black Pawn", "From": "55", "To": "44"},
                {"Piece": "White Bishop", "From": "31", "To": "22"},
                {"Piece": "Black King", "From": "58", "To": "78"},
                {"Piece": "Black Rook", "From": "88", "To": "68"},
                {"Piece": "White Rook", "From": "61", "To": "51"}
            ],

            "SecondGame": [
                "Nino Batsiashvili VS Lara Schulze",
                "../content/images/PlayersPhoto/NinoBatsiashvili.jpg",
                "../content/images/PlayersPhoto/LaraSchulze.jpg",
                {"Piece": "White Pawn", "From": "52", "To": "54"},
                {"Piece": "Black Pawn", "From": "57", "To": "55"},
                {"Piece": "White Knight", "From": "71", "To": "63"},
                {"Piece": "Black Knight", "From": "28", "To": "36"},
                {"Piece": "White Bishop", "From": "61", "To": "34"},
                {"Piece": "Black Knight", "From": "78", "To": "66"},
                {"Piece": "White Pawn", "From": "42", "To": "43"},
                {"Piece": "Black Bishop", "From": "68", "To": "35"},
                {"Piece": "White Pawn", "From": "32", "To": "33"},
                {"Piece": "Black Pawn", "From": "17", "To": "16"},
                {"Piece": "White King", "From": "51", "To": "71"},
                {"Piece": "White Rook", "From": "81", "To": "61"},
                {"Piece": "Black Pawn", "From": "47", "To": "46"},
                {"Piece": "Black Bishop", "From": "34", "To": "23"}
            ]
        },

        "EricHansen": {

            "FirstGame": [
                "Eric Hansen VS Hikaru Nakamura",
                "../content/images/PlayersPhoto/EricHansen.jpg",
                "../content/images/PlayersPhoto/HikaruNakamuraPhoto.jpg",
                {"Piece": "White Knight", "From": "71", "To": "63"},
                {"Piece": "Black Pawn", "From": "77", "To": "76"},
                {"Piece": "White Pawn", "From": "52", "To": "54"},
                {"Piece": "Black Pawn", "From": "47", "To": "46"},
                {"Piece": "White Pawn", "From": "42", "To": "44"},
                {"Piece": "Black Knight", "From": "78", "To": "66"},
                {"Piece": "White Bishop", "From": "61", "To": "43"},
                {"Piece": "Black Bishop", "From": "68", "To": "77"},
                {"Piece": "White King", "From": "51", "To": "71"},
                {"Piece": "White Rook", "From": "81", "To": "61"},
                {"Piece": "Black King", "From": "58", "To": "78"},
                {"Piece": "Black Rook", "From": "88", "To": "68"},
                {"Piece": "White Rook", "From": "61", "To": "51"},
                {"Piece": "Black Knight", "From": "28", "To": "36"},
                {"Piece": "White Pawn", "From": "44", "To": "45"},
                {"Piece": "Black Knight", "From": "36", "To": "28"},
                {"Piece": "White Pawn", "From": "32", "To": "34"},
                {"Piece": "Black Pawn", "From": "57", "To": "55"},
                {"Piece": "White Pawn", "From": "34", "To": "35"},
                {"Piece": "Black Pawn", "From": "46", "To": "35"},
                {"Piece": "White Knight", "From": "63", "To": "55"},
                {"Piece": "Black Rook", "From": "68", "To": "58"},
                {"Piece": "White Knight", "From": "55", "To": "63"},
                {"Piece": "Black Pawn", "From": "35", "To": "34"},
                {"Piece": "White Bishop", "From": "43", "To": "32"}
            ],

            "SecondGame": [
                "Eric Hansen VS Alexader Shabalov",
                "../content/images/PlayersPhoto/EricHansen.jpg",
                "../content/images/PlayersPhoto/AlexanderShabalov.jpg",
                {"Piece": "White Pawn", "From": "52", "To": "54"},
                {"Piece": "Black Pawn", "From": "77", "To": "76"},
                {"Piece": "White Pawn", "From": "42", "To": "44"},
                {"Piece": "Black Bishop", "From": "68", "To": "77"},
                {"Piece": "White Knight", "From": "21", "To": "33"},
                {"Piece": "Black Pawn", "From": "47", "To": "46"},
                {"Piece": "White Knight", "From": "71", "To": "73"},
                {"Piece": "Black Pawn", "From": "17", "To": "16"},
                {"Piece": "White Bishop", "From": "61", "To": "43"},
                {"Piece": "Black Pawn", "From": "27", "To": "25"},
                {"Piece": "White Knight", "From": "33", "To": "52"},
                {"Piece": "Black Knight", "From": "78", "To": "66"},
                {"Piece": "White Pawn", "From": "32", "To": "33"},
                {"Piece": "Black King", "From": "58", "To": "78"},
                {"Piece": "Black Rook", "From": "88", "To": "68"},
                {"Piece": "White King", "From": "51", "To": "71"},
                {"Piece": "White Rook", "From": "81", "To": "61"}
            ]
        }
    }
}